"legislative_subject","type"
"Abortion","subject"
"Academic performance and assessments","subject"
"Accidents","subject"
"Accounting and auditing","subject"
"Administrative law and regulatory procedures","subject"
"Administrative remedies","subject"
"Adoption and foster care","subject"
"Adult day care","subject"
"Adult education and literacy","subject"
"Advanced technology and technological innovations","subject"
"Advisory bodies","subject"
"Age discrimination","subject"
"Aging","subject"
"Agricultural conservation and pollution","subject"
"Agricultural education","subject"
"Agricultural equipment and machinery","subject"
"Agricultural insurance","subject"
"Agricultural marketing and promotion","subject"
"Agricultural practices and innovations","subject"
"Agricultural prices","subject"
"Agricultural research","subject"
"Agricultural trade","subject"
"Air quality","subject"
"Alaska Natives and Hawaiians","subject"
"Alcoholic beverages","subject"
"Allergies","subject"
"Alliances","subject"
"Allied health services","subject"
"Alternative and renewable resources","subject"
"Alternative dispute resolution","subject"
"Alternative treatments","subject"
"Animal and plant health","subject"
"Animal protection and human-animal relationships","subject"
"Appropriations","subject"
"Aquaculture","subject"
"Aquatic ecology","subject"
"Arab-Israeli relations","subject"
"Archaeology and anthropology","subject"
"Arctic and polar regions","subject"
"Area studies and international education","subject"
"Arms control and nonproliferation","subject"
"Art","subject"
"Assault and harassment offenses","subject"
"Astronomy","subject"
"Athletes","subject"
"Atmospheric science and weather","subject"
"Aviation and airports","subject"
"Bank accounts","subject"
"Banking and financial institutions regulation","subject"
"Bankruptcy","subject"
"Behavioral sciences","subject"
"Biological and life sciences","subject"
"Birds","subject"
"Birth defects","subject"
"Blood and blood diseases","subject"
"Books and print media","subject"
"Border security and unlawful immigration","subject"
"Broadcasting","subject"
"Budget deficits and national debt","subject"
"Budget process","subject"
"Building construction","subject"
"Business education","subject"
"Business ethics","subject"
"Business expenses","subject"
"Business investment and capital","subject"
"Business records","subject"
"Buy American requirements","subject"
"Cancer","subject"
"Capital gains tax","subject"
"Cardiovascular and respiratory health","subject"
"Cell biology and embryology","subject"
"Cemeteries and funerals","subject"
"Census and government statistics","subject"
"Charitable contributions","subject"
"Chemical and biological weapons","subject"
"Chemistry","subject"
"Child care and development","subject"
"Child health","subject"
"Child safety and welfare","subject"
"Citizenship and naturalization","subject"
"Civil actions and liability","subject"
"Civil disturbances","subject"
"Climate change and greenhouse gases","subject"
"Coal","subject"
"Coast guard","subject"
"Collective security","subject"
"Commemorative events and holidays","subject"
"Commodities markets","subject"
"Community life and organization","subject"
"Commuting","subject"
"Competition and antitrust","subject"
"Competitiveness","subject"
"Comprehensive health care","subject"
"Computer security and identity theft","subject"
"Computers and information technology","subject"
"Conflicts and wars","subject"
"Congressional agencies","subject"
"Congressional committees","subject"
"Congressional districts and representation","subject"
"Congressional elections","subject"
"Congressional leadership","subject"
"Congressional officers and employees","subject"
"Congressional operations and organization","subject"
"Congressional oversight","subject"
"Congressional tributes","subject"
"Congressional-executive branch relations","subject"
"Constitution and constitutional amendments","subject"
"Consumer affairs","subject"
"Consumer credit","subject"
"Contracts and agency","subject"
"Cooperative and condominium housing","subject"
"Corporate finance and management","subject"
"Correctional facilities and imprisonment","subject"
"Credit and credit markets","subject"
"Crime prevention","subject"
"Crime victims","subject"
"Crimes against animals and natural resources","subject"
"Crimes against children","subject"
"Crimes against property","subject"
"Crimes against women","subject"
"Criminal investigation","subject"
"Criminal justice information and records","subject"
"Criminal procedure and sentencing","subject"
"Cultural exchanges and relations","subject"
"Currency","subject"
"Customs enforcement","subject"
"Dams and canals","subject"
"Debt collection","subject"
"Defense spending","subject"
"Dental care","subject"
"Detention of persons","subject"
"Digestive and metabolic diseases","subject"
"Digital media","subject"
"Diplomacy","subject"
"Disability and health-based discrimination","subject"
"Disability and paralysis","subject"
"Disability assistance","subject"
"Disaster relief and insurance","subject"
"Domestic violence and child abuse","subject"
"Drug safety","subject"
"Drug therapy","subject"
"Drug trafficking and controlled substances","subject"
"Drug","subject"
"Due process and equal protection","subject"
"Earth sciences","subject"
"Ecology","subject"
"Economic development","subject"
"Economic performance and conditions","subject"
"Economic theory","subject"
"Education of the disadvantaged","subject"
"Education programs funding","subject"
"Educational facilities and institutions","subject"
"Educational guidance","subject"
"Educational technology and distance education","subject"
"Elections","subject"
"Electric power generation and transmission","subject"
"Elementary and secondary education","subject"
"Emergency communications systems","subject"
"Emergency medical services and trauma care","subject"
"Emergency planning and evacuation","subject"
"Employee benefits and pensions","subject"
"Employee hiring","subject"
"Employee leave","subject"
"Employee performance","subject"
"Employment and training programs","subject"
"Employment discrimination and employee rights","subject"
"Employment taxes","subject"
"Endangered and threatened species","subject"
"Energy assistance for the poor and aged","subject"
"Energy efficiency and conservation","subject"
"Energy prices","subject"
"Energy research","subject"
"Energy revenues and royalties","subject"
"Energy storage","subject"
"Environmental assessment","subject"
"Environmental health","subject"
"Environmental regulatory procedures","subject"
"Environmental technology","subject"
"Espionage and treason","subject"
"Ethnic studies","subject"
"Evidence and witnesses","subject"
"Executive agency funding and structure","subject"
"Family planning and birth control","subject"
"Family relationships","subject"
"Family services","subject"
"Farmland","subject"
"Federal appellate courts","subject"
"Federal district courts","subject"
"Federal officials","subject"
"Federal preemption","subject"
"Federal-Indian relations","subject"
"Federally chartered organizations","subject"
"Financial crises and stabilization","subject"
"Financial literacy","subject"
"Financial services and investments","subject"
"Firearms and explosives","subject"
"Fires","subject"
"First Amendment rights","subject"
"First responders and emergency personnel","subject"
"Fishes","subject"
"Floods and storm protection","subject"
"Food assistance and relief","subject"
"Food industry and services","subject"
"Food supply","subject"
"Foreign aid and international relief","subject"
"Foreign and international banking","subject"
"Foreign and international corporations","subject"
"Foreign labor","subject"
"Foreign language and bilingual programs","subject"
"Foreign loans and debt","subject"
"Foreign property","subject"
"Forests","subject"
"Fraud offenses and financial crimes","subject"
"Free trade and trade barriers","subject"
"Freedom of information","subject"
"Fruit and vegetables","subject"
"Gambling","subject"
"Games and hobbies","subject"
"General Native American affairs matters","subject"
"General agriculture matters","subject"
"General business and commerce matters","subject"
"General education matters","subject"
"General energy matters","subject"
"General foreign operations matters","subject"
"General health and health care finance matters","subject"
"General public lands matters","subject"
"General science and technology matters","subject"
"General taxation matters","subject"
"Genetics","subject"
"Geography","subject"
"Government buildings","subject"
"Government corporations and government-sponsored enterprises","subject"
"Government employee pay","subject"
"Government ethics and transparency","subject"
"Government information and archives","subject"
"Government lending and loan guarantees","subject"
"Government liability","subject"
"Government studies and investigations","subject"
"Government trust funds","subject"
"Grain","subject"
"HIV/AIDS","subject"
"Hate crimes","subject"
"Hazardous wastes and toxic substances","subject"
"Health care costs and insurance","subject"
"Health care coverage and access","subject"
"Health care quality","subject"
"Health facilities and institutions","subject"
"Health information and medical records","subject"
"Health personnel","subject"
"Health programs administration and funding","subject"
"Health promotion and preventive care","subject"
"Health technology","subject"
"Hearing","subject"
"Hereditary and development disorders","subject"
"Higher education","subject"
"Historic sites and heritage areas","subject"
"Historical and cultural resources","subject"
"Home and outpatient care","subject"
"Homeland security","subject"
"Homelessness and emergency shelter","subject"
"Horticulture and plants","subject"
"Hospital care","subject"
"House of Representatives","subject"
"Housing and community development funding","subject"
"Housing discrimination","subject"
"Housing finance and home ownership","subject"
"Housing for the elderly and disabled","subject"
"Housing industry and standards","subject"
"Housing supply and affordability","subject"
"Human rights","subject"
"Human trafficking","subject"
"Humanities programs funding","subject"
"Hunting and fishing","subject"
"Hybrid","subject"
"Hydrology and hydrography","subject"
"Immigrant health and welfare","subject"
"Immigration status and procedures","subject"
"Immunology and vaccination","subject"
"Income tax credits","subject"
"Income tax deductions","subject"
"Income tax deferral","subject"
"Income tax exclusion","subject"
"Income tax rates","subject"
"Indian claims","subject"
"Indian lands and resources rights","subject"
"Indian social and development programs","subject"
"Industrial facilities","subject"
"Industrial policy and productivity","subject"
"Infectious and parasitic diseases","subject"
"Inflation and prices","subject"
"Infrastructure development","subject"
"Insects","subject"
"Insurance industry and regulation","subject"
"Intellectual property","subject"
"Intelligence activities","subject"
"Interest","subject"
"Intergovernmental relations","subject"
"International exchange and broadcasting","subject"
"International law and treaties","subject"
"International monetary system and foreign exchange","subject"
"International organizations and cooperation","subject"
"International scientific cooperation","subject"
"Internet and video services","subject"
"Judges","subject"
"Judicial procedure and administration","subject"
"Judicial review and appeals","subject"
"Jurisdiction and venue","subject"
"Juvenile crime and gang violence","subject"
"Labor standards","subject"
"Labor-management relations","subject"
"Lakes and rivers","subject"
"Land transfers","subject"
"Land use and conservation","subject"
"Language arts","subject"
"Law enforcement administration and funding","subject"
"Law enforcement officers","subject"
"Lawyers and legal services","subject"
"Lease and rental services","subject"
"Legal fees and court costs","subject"
"Legislative rules and procedure","subject"
"Libraries and archives","subject"
"Licensing and registrations","subject"
"Life","subject"
"Lighting and heating","subject"
"Literature","subject"
"Livestock","subject"
"Long-term","subject"
"Low- and moderate-income housing","subject"
"Mammals","subject"
"Manufacturing","subject"
"Marine and coastal resources","subject"
"Marine and inland water transportation","subject"
"Marine pollution","subject"
"Marketing and advertising","subject"
"Marriage and family status","subject"
"Materials","subject"
"Meat","subject"
"Medicaid","subject"
"Medical education","subject"
"Medical ethics","subject"
"Medical research","subject"
"Medical tests and diagnostic methods","subject"
"Medicare","subject"
"Members of Congress","subject"
"Mental health","subject"
"Metals","subject"
"Migrant","subject"
"Military assistance","subject"
"Military civil functions","subject"
"Military command and structure","subject"
"Military education and training","subject"
"Military facilities and property","subject"
"Military history","subject"
"Military law","subject"
"Military medicine","subject"
"Military operations and strategy","subject"
"Military personnel and dependents","subject"
"Military procurement","subject"
"Military readiness","subject"
"Militias and paramilitary groups","subject"
"Mining","subject"
"Minority and disadvantaged businesses","subject"
"Minority education","subject"
"Minority employment","subject"
"Minority health","subject"
"Monetary policy","subject"
"Monuments and memorials","subject"
"Motor carriers","subject"
"Motor fuels","subject"
"Motor vehicles","subject"
"Multilateral development programs","subject"
"Musculoskeletal and skin diseases","subject"
"Museums","subject"
"Music","subject"
"National Guard and reserves","subject"
"National and community service","subject"
"National symbols","subject"
"Natural disasters","subject"
"Navigation","subject"
"Neurological disorders","subject"
"News media and reporting","subject"
"Noise pollution","subject"
"Normal trade relations","subject"
"Nuclear power","subject"
"Nuclear weapons","subject"
"Nursing","subject"
"Nutrition and diet","subject"
"Oil and gas","subject"
"Olympic games","subject"
"Organ and tissue donation and transplantation","subject"
"Organized crime","subject"
"Outdoor recreation","subject"
"Palestinians","subject"
"Parks","subject"
"Pedestrians and bicycling","subject"
"Performance measurement","subject"
"Performing arts","subject"
"Personnel records","subject"
"Pest management","subject"
"Photography and imaging","subject"
"Physical fitness and lifestyle","subject"
"Pipelines","subject"
"Policy sciences","subject"
"Political advertising","subject"
"Political movements and philosophies","subject"
"Political parties and affiliation","subject"
"Political representation","subject"
"Pollution liability","subject"
"Pornography","subject"
"Postal service","subject"
"Poverty and welfare assistance","subject"
"Preschool education","subject"
"Prescription drugs","subject"
"Presidential administrations","subject"
"Presidents and presidential powers","subject"
"Private Legislation","subject"
"Product development and innovation","subject"
"Product safety and quality","subject"
"Professional sports","subject"
"Property rights","subject"
"Property tax","subject"
"Protection of officials","subject"
"Protest and dissent","subject"
"Public contracts and procurement","subject"
"Public housing","subject"
"Public participation and lobbying","subject"
"Public transit","subject"
"Public utilities and utility rates","subject"
"Public-private cooperation","subject"
"Racial and ethnic relations","subject"
"Radiation","subject"
"Radioactive wastes and releases","subject"
"Railroads","subject"
"Real estate business","subject"
"Reconstruction and stabilization","subject"
"Refugees","subject"
"Regional and metropolitan planning","subject"
"Religion","subject"
"Reptiles","subject"
"Research administration and funding","subject"
"Research and development","subject"
"Research ethics","subject"
"Residential rehabilitation and home repair","subject"
"Retail and wholesale trades","subject"
"Right of privacy","subject"
"Roads and highways","subject"
"Rule of law and government transparency","subject"
"Rural conditions and development","subject"
"Sales and excise taxes","subject"
"Sanctions","subject"
"School administration","subject"
"School athletics","subject"
"Science and engineering education","subject"
"Scientific communication","subject"
"Seafood","subject"
"Seashores and lakeshores","subject"
"Securities","subject"
"Self-employed","subject"
"Senate","subject"
"Separation","subject"
"Service animals","subject"
"Service industries","subject"
"Sex and reproductive health","subject"
"Sex offenses","subject"
"Sex","subject"
"Sexually transmitted diseases","subject"
"Small business","subject"
"Small towns","subject"
"Smuggling and trafficking","subject"
"Social security and elderly assistance","subject"
"Social work","subject"
"Soil pollution","subject"
"Solid waste and recycling","subject"
"Sound recording","subject"
"Sovereignty","subject"
"Space flight and exploration","subject"
"Spacecraft and satellites","subject"
"Special education","subject"
"Specialized courts","subject"
"Sports and recreation facilities","subject"
"State and local courts","subject"
"State and local finance","subject"
"State and local government operations","subject"
"State and local taxation","subject"
"Strategic materials and reserves","subject"
"Student aid and college costs","subject"
"Student records","subject"
"Subversive activities","subject"
"Supreme Court","subject"
"Surgery and anesthesia","subject"
"Tariffs","subject"
"Tax administration and collection","subject"
"Tax reform and tax simplification","subject"
"Tax treatment of families","subject"
"Tax-exempt organizations","subject"
"Taxation of foreign income","subject"
"Teaching","subject"
"Technology assessment","subject"
"Technology transfer and commercialization","subject"
"Teenage pregnancy","subject"
"Telecommunication rates and fees","subject"
"Telephone and wireless communication","subject"
"Television and film","subject"
"Temporary and part-time employment","subject"
"Terrorism","subject"
"Trade adjustment assistance","subject"
"Trade agreements and negotiations","subject"
"Trade restrictions","subject"
"Trade secrets and economic espionage","subject"
"Transfer and inheritance taxes","subject"
"Transportation costs","subject"
"Transportation employees","subject"
"Transportation programs funding","subject"
"Transportation safety and security","subject"
"Travel and tourism","subject"
"U.S. Capitol","subject"
"U.S. and foreign investments","subject"
"U.S. history","subject"
"U.S. territories and protectorates","subject"
"Unemployment","subject"
"Urban and suburban affairs and development","subject"
"User charges and fees","subject"
"Veterans' education","subject"
"Veterans' loans","subject"
"Veterans' medical care","subject"
"Veterans' organizations and recognition","subject"
"Veterans' pensions and compensation","subject"
"Veterinary medicine and animal diseases","subject"
"Violent crime","subject"
"Visas and passports","subject"
"Vocational and technical education","subject"
"Voting rights","subject"
"Wages and earnings","subject"
"War and emergency powers","subject"
"War crimes","subject"
"Water quality","subject"
"Water resources funding","subject"
"Water storage","subject"
"Water use and supply","subject"
"Watersheds","subject"
"Wetlands","subject"
"White-collar crime","subject"
"Wilderness and natural areas","subject"
"Wildlife conservation and habitat protection","subject"
"Women in business","subject"
"Women's education","subject"
"Women's employment","subject"
"Women's health","subject"
"Women's rights","subject"
"Worker safety and health","subject"
"World health","subject"
"World history","subject"
"Youth employment and child labor","subject"
"ASEAN countries","geographic_entity"
"Afghanistan","geographic_entity"
"Africa","geographic_entity"
"Alabama","geographic_entity"
"Alaska","geographic_entity"
"Albania","geographic_entity"
"Algeria","geographic_entity"
"American Samoa","geographic_entity"
"Angola","geographic_entity"
"Anguilla","geographic_entity"
"Antigua and Barbuda","geographic_entity"
"Arctic Ocean","geographic_entity"
"Argentina","geographic_entity"
"Arizona","geographic_entity"
"Arkansas","geographic_entity"
"Armenia","geographic_entity"
"Asia","geographic_entity"
"Atlantic Coast (U.S.)","geographic_entity"
"Atlantic Ocean","geographic_entity"
"Australia","geographic_entity"
"Austria","geographic_entity"
"Azerbaijan","geographic_entity"
"Bahamas","geographic_entity"
"Bahrain","geographic_entity"
"Bangladesh","geographic_entity"
"Barbados","geographic_entity"
"Belarus","geographic_entity"
"Belgium","geographic_entity"
"Belize","geographic_entity"
"Benin","geographic_entity"
"Bering Sea","geographic_entity"
"Bermuda","geographic_entity"
"Bhutan","geographic_entity"
"Bolivia","geographic_entity"
"Bosnia and Herzegovina","geographic_entity"
"Botswana","geographic_entity"
"Brazil","geographic_entity"
"British Virgin Islands","geographic_entity"
"Brunei","geographic_entity"
"Bulgaria","geographic_entity"
"Burkina Faso","geographic_entity"
"Burma","geographic_entity"
"Burundi","geographic_entity"
"California","geographic_entity"
"Cambodia","geographic_entity"
"Cameroon","geographic_entity"
"Canada","geographic_entity"
"Cape Verde","geographic_entity"
"Caribbean Sea","geographic_entity"
"Caribbean area","geographic_entity"
"Cayman Islands","geographic_entity"
"Central African Republic","geographic_entity"
"Central America","geographic_entity"
"Chad","geographic_entity"
"Chesapeake Bay","geographic_entity"
"Chile","geographic_entity"
"China","geographic_entity"
"Colombia","geographic_entity"
"Colorado","geographic_entity"
"Congo","geographic_entity"
"Connecticut","geographic_entity"
"Costa Rica","geographic_entity"
"Croatia","geographic_entity"
"Cuba","geographic_entity"
"Cyprus","geographic_entity"
"Czech Republic","geographic_entity"
"Delaware","geographic_entity"
"Democratic Republic of the Congo","geographic_entity"
"Denmark","geographic_entity"
"District of Columbia","geographic_entity"
"Djibouti","geographic_entity"
"Dominica","geographic_entity"
"Dominican Republic","geographic_entity"
"East Timor","geographic_entity"
"Ecuador","geographic_entity"
"Egypt","geographic_entity"
"El Salvador","geographic_entity"
"Equatorial Guinea","geographic_entity"
"Eritrea","geographic_entity"
"Estonia","geographic_entity"
"Ethiopia","geographic_entity"
"Europe","geographic_entity"
"Everglades","geographic_entity"
"Finland","geographic_entity"
"Florida","geographic_entity"
"France","geographic_entity"
"Gambia","geographic_entity"
"Gaza Strip","geographic_entity"
"Georgia","geographic_entity"
"Georgia (Republic)","geographic_entity"
"Germany","geographic_entity"
"Ghana","geographic_entity"
"Great Lakes","geographic_entity"
"Great Plains","geographic_entity"
"Greece","geographic_entity"
"Grenada","geographic_entity"
"Guadeloupe","geographic_entity"
"Guam","geographic_entity"
"Guatemala","geographic_entity"
"Guinea","geographic_entity"
"Gulf States","geographic_entity"
"Gulf of Mexico","geographic_entity"
"Guyana","geographic_entity"
"Haiti","geographic_entity"
"Hawaii","geographic_entity"
"Honduras","geographic_entity"
"Hong Kong","geographic_entity"
"Hungary","geographic_entity"
"Iceland","geographic_entity"
"Idaho","geographic_entity"
"Illinois","geographic_entity"
"India","geographic_entity"
"Indiana","geographic_entity"
"Indonesia","geographic_entity"
"Iowa","geographic_entity"
"Iran","geographic_entity"
"Iraq","geographic_entity"
"Ireland","geographic_entity"
"Israel","geographic_entity"
"Italy","geographic_entity"
"Ivory Coast","geographic_entity"
"Jamaica","geographic_entity"
"Japan","geographic_entity"
"Jordan","geographic_entity"
"Kansas","geographic_entity"
"Kazakhstan","geographic_entity"
"Kentucky","geographic_entity"
"Kenya","geographic_entity"
"Kiribati","geographic_entity"
"Kosovo","geographic_entity"
"Kuwait","geographic_entity"
"Kyrgyzstan","geographic_entity"
"Laos","geographic_entity"
"Latin America","geographic_entity"
"Latvia","geographic_entity"
"Lebanon","geographic_entity"
"Liberia","geographic_entity"
"Libya","geographic_entity"
"Lithuania","geographic_entity"
"Long Island Sound","geographic_entity"
"Louisiana","geographic_entity"
"Luxembourg","geographic_entity"
"Macedonia","geographic_entity"
"Madagascar","geographic_entity"
"Maine","geographic_entity"
"Malawi","geographic_entity"
"Malaysia","geographic_entity"
"Maldives","geographic_entity"
"Mali","geographic_entity"
"Malta","geographic_entity"
"Marshall Islands","geographic_entity"
"Martinique","geographic_entity"
"Maryland","geographic_entity"
"Massachusetts","geographic_entity"
"Mauritania","geographic_entity"
"Mexico","geographic_entity"
"Michigan","geographic_entity"
"Micronesia","geographic_entity"
"Middle East","geographic_entity"
"Minnesota","geographic_entity"
"Mississippi","geographic_entity"
"Mississippi River","geographic_entity"
"Missouri","geographic_entity"
"Missouri River","geographic_entity"
"Moldova","geographic_entity"
"Monaco","geographic_entity"
"Mongolia","geographic_entity"
"Montana","geographic_entity"
"Montenegro","geographic_entity"
"Montserrat","geographic_entity"
"Morocco","geographic_entity"
"Mozambique","geographic_entity"
"Nauru","geographic_entity"
"Nebraska","geographic_entity"
"Nepal","geographic_entity"
"Netherlands","geographic_entity"
"Nevada","geographic_entity"
"New Hampshire","geographic_entity"
"New Jersey","geographic_entity"
"New Mexico","geographic_entity"
"New York City","geographic_entity"
"New York State","geographic_entity"
"New Zealand","geographic_entity"
"Nicaragua","geographic_entity"
"Niger","geographic_entity"
"Nigeria","geographic_entity"
"North America","geographic_entity"
"North Carolina","geographic_entity"
"North Dakota","geographic_entity"
"North Korea","geographic_entity"
"Northern Ireland","geographic_entity"
"Northern Mariana Islands","geographic_entity"
"Norway","geographic_entity"
"Oceania","geographic_entity"
"Ohio","geographic_entity"
"Oklahoma","geographic_entity"
"Oman","geographic_entity"
"Oregon","geographic_entity"
"Pacific Ocean","geographic_entity"
"Pakistan","geographic_entity"
"Palau","geographic_entity"
"Panama","geographic_entity"
"Panama Canal","geographic_entity"
"Paraguay","geographic_entity"
"Peace Corps","geographic_entity"
"Pennsylvania","geographic_entity"
"Persian Gulf","geographic_entity"
"Persian Gulf States","geographic_entity"
"Peru","geographic_entity"
"Philippines","geographic_entity"
"Poland","geographic_entity"
"Portugal","geographic_entity"
"Puerto Rico","geographic_entity"
"Puget Sound","geographic_entity"
"Qatar","geographic_entity"
"Rhode Island","geographic_entity"
"Romania","geographic_entity"
"Russia","geographic_entity"
"Rwanda","geographic_entity"
"Saint Kitts and Nevis","geographic_entity"
"Saint Lawrence Seaway","geographic_entity"
"Saint Lucia","geographic_entity"
"Saint Vincent and the Grenadines","geographic_entity"
"Samoa","geographic_entity"
"Saudi Arabia","geographic_entity"
"Scotland","geographic_entity"
"Senegal","geographic_entity"
"Serbia","geographic_entity"
"Sierra Leone","geographic_entity"
"Singapore","geographic_entity"
"Slovakia","geographic_entity"
"Slovenia","geographic_entity"
"Solomon Islands","geographic_entity"
"Somalia","geographic_entity"
"South Africa","geographic_entity"
"South Asia","geographic_entity"
"South Carolina","geographic_entity"
"South Dakota","geographic_entity"
"South Korea","geographic_entity"
"South Sudan","geographic_entity"
"Spain","geographic_entity"
"Sri Lanka","geographic_entity"
"Sudan","geographic_entity"
"Suriname","geographic_entity"
"Sweden","geographic_entity"
"Switzerland","geographic_entity"
"Syria","geographic_entity"
"Taiwan","geographic_entity"
"Tajikistan","geographic_entity"
"Tanzania","geographic_entity"
"Tennessee","geographic_entity"
"Texas","geographic_entity"
"Thailand","geographic_entity"
"Tibet","geographic_entity"
"Togo","geographic_entity"
"Tonga","geographic_entity"
"Trinidad and Tobago","geographic_entity"
"Tunisia","geographic_entity"
"Turkey","geographic_entity"
"Turkmenistan","geographic_entity"
"Turks and Caicos","geographic_entity"
"Tuvalu","geographic_entity"
"U.S.S.R.","geographic_entity"
"Uganda","geographic_entity"
"Ukraine","geographic_entity"
"United Arab Emirates","geographic_entity"
"United Kingdom","geographic_entity"
"Uruguay","geographic_entity"
"Utah","geographic_entity"
"Uzbekistan","geographic_entity"
"Vanuatu","geographic_entity"
"Vatican City","geographic_entity"
"Venezuela","geographic_entity"
"Vermont","geographic_entity"
"Vietnam","geographic_entity"
"Virgin Islands","geographic_entity"
"Virginia","geographic_entity"
"Washington State","geographic_entity"
"West Bank","geographic_entity"
"West Virginia","geographic_entity"
"Western Hemisphere","geographic_entity"
"Wisconsin","geographic_entity"
"Wyoming","geographic_entity"
"Yemen","geographic_entity"
"Zambia","geographic_entity"
"Zimbabwe","geographic_entity"
"Access Board","organization_name"
"Administrative Conference of the U.S.","organization_name"
"African Development Foundation","organization_name"
"American Battle Monuments Commission","organization_name"
"Appalachian Regional Commission","organization_name"
"Architect of the Capitol","organization_name"
"Armed Forces Retirement Home","organization_name"
"Army Corps of Engineers","organization_name"
"Broadcasting Board of Governors","organization_name"
"Centers for Disease Control and Prevention (CDC)","organization_name"
"Central Intelligence Agency (CIA)","organization_name"
"Commission of Fine Arts","organization_name"
"Commission on Civil Rights","organization_name"
"Committee for Purchase from People Who Are Blind or Severely Disabled","organization_name"
"Commodity Credit Corporation","organization_name"
"Commodity Futures Trading Commission","organization_name"
"Community Development Financial Institutions Fund","organization_name"
"Congressional Budget Office (CBO)","organization_name"
"Congressional Research Service (CRS)","organization_name"
"Consumer Financial Protection Bureau","organization_name"
"Consumer Product Safety Commission","organization_name"
"Corporation for National and Community Service","organization_name"
"Corporation for Public Broadcasting","organization_name"
"Defense Nuclear Facilities Safety Board","organization_name"
"Delta Regional Authority","organization_name"
"Denali Commission","organization_name"
"Department of Agriculture","organization_name"
"Department of Commerce","organization_name"
"Department of Defense","organization_name"
"Department of Education","organization_name"
"Department of Energy","organization_name"
"Department of Health and Human Services","organization_name"
"Department of Homeland Security","organization_name"
"Department of Housing and Urban Development","organization_name"
"Department of Justice","organization_name"
"Department of Labor","organization_name"
"Department of State","organization_name"
"Department of Transportation","organization_name"
"Department of Veterans Affairs","organization_name"
"Department of the Interior","organization_name"
"Department of the Treasury","organization_name"
"Director of National Intelligence","organization_name"
"Drug Enforcement Administration (DEA)","organization_name"
"Election Assistance Commission","organization_name"
"Environmental Protection Agency (EPA)","organization_name"
"Equal Employment Opportunity Commission (EEOC)","organization_name"
"European Union","organization_name"
"Executive Office of the President","organization_name"
"Export-Import Bank of the United States","organization_name"
"Farm Credit Administration","organization_name"
"Federal Bureau of Investigation (FBI)","organization_name"
"Federal Communications Commission (FCC)","organization_name"
"Federal Crop Insurance Corporation","organization_name"
"Federal Deposit Insurance Corporation (FDIC)","organization_name"
"Federal Election Commission (FEC)","organization_name"
"Federal Emergency Management Agency (FEMA)","organization_name"
"Federal Energy Regulatory Commission (FERC)","organization_name"
"Federal Home Loan Bank Board","organization_name"
"Federal Housing Finance Agency","organization_name"
"Federal Labor Relations Authority","organization_name"
"Federal Maritime Commission","organization_name"
"Federal Mediation and Conciliation Service","organization_name"
"Federal Mine Safety and Health Review Commission","organization_name"
"Federal Prison Industries","organization_name"
"Federal Reserve System","organization_name"
"Federal Retirement Thrift Investment Board","organization_name"
"Federal Trade Commission (FTC)","organization_name"
"Financial Stability Oversight Council","organization_name"
"Food and Drug Administration (FDA)","organization_name"
"General Services Administration","organization_name"
"Government Accountability Office (GAO)","organization_name"
"Government National Mortgage Association (Ginnie Mae)","organization_name"
"Government Publishing Office (GPO)","organization_name"
"House Committee on Agriculture","organization_name"
"House Committee on Appropriations","organization_name"
"House Committee on Armed Services","organization_name"
"House Committee on Education and Labor","organization_name"
"House Committee on Education and the Workforce","organization_name"
"House Committee on Energy and Commerce","organization_name"
"House Committee on Ethics","organization_name"
"House Committee on Financial Services","organization_name"
"House Committee on Foreign Affairs","organization_name"
"House Committee on Homeland Security","organization_name"
"House Committee on House Administration","organization_name"
"House Committee on Natural Resources","organization_name"
"House Committee on Oversight and Government Reform","organization_name"
"House Committee on Rules","organization_name"
"House Committee on Science","organization_name"
"House Committee on Small Business","organization_name"
"House Committee on Standards of Official Conduct","organization_name"
"House Committee on Transportation and Infrastructure","organization_name"
"House Committee on Veterans' Affairs","organization_name"
"House Committee on Ways and Means","organization_name"
"House Committee on the Budget","organization_name"
"House Committee on the Judiciary","organization_name"
"House Permanent Select Committee on Intelligence","organization_name"
"House Select Committee on Energy Independence and Global Warming","organization_name"
"Inter-American Foundation","organization_name"
"Interagency Council on Homelessness","organization_name"
"Internal Revenue Service (IRS)","organization_name"
"Japan-U.S. Friendship Commission","organization_name"
"Joint Committee on Printing","organization_name"
"Joint Committee on Taxation","organization_name"
"Joint Committee on the Library","organization_name"
"Joint Economic Committee","organization_name"
"Legal Services Corporation","organization_name"
"Library of Congress","organization_name"
"Marine Mammal Commission","organization_name"
"Medicare Payment Advisory Commission","organization_name"
"Merit Systems Protection Board","organization_name"
"National Aeronautics and Space Administration","organization_name"
"National Archives and Records Administration","organization_name"
"National Capital Planning Commission","organization_name"
"National Council on Disability","organization_name"
"National Credit Union Administration","organization_name"
"National Foundation on the Arts and the Humanities","organization_name"
"National Institutes of Health (NIH)","organization_name"
"National Labor Relations Board (NLRB)","organization_name"
"National Mediation Board","organization_name"
"National Railroad Passenger Corporation (Amtrak)","organization_name"
"National Science Foundation","organization_name"
"National Security Agency","organization_name"
"National Transportation Safety Board (NTSB)","organization_name"
"Neighborhood Reinvestment Corporation","organization_name"
"Nuclear Regulatory Commission (NRC)","organization_name"
"Nuclear Waste Technical Review Board","organization_name"
"Occupational Safety and Health Review Commission","organization_name"
"Office of Government Ethics","organization_name"
"Office of Management and Budget (OMB)","organization_name"
"Office of Personnel Management (OPM)","organization_name"
"Office of Science and Technology Policy","organization_name"
"Office of Special Counsel","organization_name"
"Office of the U.S. Trade Representative","organization_name"
"Organization of American States","organization_name"
"Overseas Private Investment Corporation (OPIC)","organization_name"
"Pension Benefit Guaranty Corporation","organization_name"
"Postal Regulatory Commission","organization_name"
"Privacy and Civil Liberties Oversight Board","organization_name"
"Railroad Retirement Board","organization_name"
"Securities and Exchange Commission (SEC)","organization_name"
"Selective Service System","organization_name"
"Senate Committee on Agriculture","organization_name"
"Senate Committee on Appropriations","organization_name"
"Senate Committee on Armed Services","organization_name"
"Senate Committee on Banking","organization_name"
"Senate Committee on Commerce","organization_name"
"Senate Committee on Energy and Natural Resources","organization_name"
"Senate Committee on Environment and Public Works","organization_name"
"Senate Committee on Finance","organization_name"
"Senate Committee on Foreign Relations","organization_name"
"Senate Committee on Health","organization_name"
"Senate Committee on Homeland Security and Governmental Affairs","organization_name"
"Senate Committee on Indian Affairs","organization_name"
"Senate Committee on Rules and Administration","organization_name"
"Senate Committee on Small Business and Entrepreneurship","organization_name"
"Senate Committee on Veterans' Affairs","organization_name"
"Senate Committee on the Budget","organization_name"
"Senate Committee on the Judiciary","organization_name"
"Senate Select Committee on Ethics","organization_name"
"Senate Select Committee on Intelligence","organization_name"
"Senate Special Committee on Aging","organization_name"
"Small Business Administration","organization_name"
"Smithsonian Institution","organization_name"
"Social Security Administration","organization_name"
"Surface Transportation Board","organization_name"
"Tennessee Valley Authority","organization_name"
"Trade and Development Agency","organization_name"
"U.S. Agency for International Development (USAID)","organization_name"
"U.S. Commission on International Religious Freedom","organization_name"
"U.S. Holocaust Memorial Council","organization_name"
"U.S. Institute of Peace","organization_name"
"U.S. International Trade Commission","organization_name"
"U.S. Postal Service","organization_name"
"U.S. Sentencing Commission","organization_name"
"United Nations","organization_name"
